{"graph": {"_type": "graph-file", "sha256": "ad67092687004fc4b4ef9bf94f87d52efa6ebfae1970fd4ed0017baedc884b7a", "size": 1226, "path": "media/graph/graph_summary_ad67092687004fc4b4ef.graph.json"}, "examples": {"_type": "images/separated", "width": 28, "height": 28, "format": "png", "count": 10, "filenames": ["media/images/examples_5_7357cd82d43181f796f1.png", "media/images/examples_5_5f01142dd7fa67b229af.png", "media/images/examples_5_d2a911028a505bef1bd2.png", "media/images/examples_5_178b445f88983fd5db2f.png", "media/images/examples_5_76617f71c1add0414025.png", "media/images/examples_5_edde28a144f1d1160db0.png", "media/images/examples_5_a135261c3d0f9a8dce4d.png", "media/images/examples_5_4da660a1820f554a525f.png", "media/images/examples_5_3a45bad0eea7b7783aec.png", "media/images/examples_5_9d6b5490309f7bea6e8f.png"], "captions": [7, 1, 9, 5, 6, 3, 8, 6, 6, 3]}, "_timestamp": 1731553612.2104647, "epoch": 5, "loss": 0.026885077357292175, "accuracy": 0.9915666580200195, "val_loss": 0.0501677542924881, "val_accuracy": 0.9868000149726868, "_runtime": 36.648096799850464, "_step": 6, "best_val_loss": 0.039084333926439285, "best_epoch": 1, "Test Accuracy Rate: ": 99.02, "Test Error Rate: ": 0.98, "_wandb": {"runtime": 36}}