{"graph": {"_type": "graph-file", "sha256": "ad67092687004fc4b4ef9bf94f87d52efa6ebfae1970fd4ed0017baedc884b7a", "size": 1226, "path": "media/graph/graph_summary_ad67092687004fc4b4ef.graph.json"}, "examples": {"_type": "images/separated", "width": 28, "height": 28, "format": "png", "count": 10, "filenames": ["media/images/examples_5_06055819f513ce58276a.png", "media/images/examples_5_c4c0d627681e0ed7fbc7.png", "media/images/examples_5_f84dca2a73238ae29b88.png", "media/images/examples_5_e471368b2189fda3e729.png", "media/images/examples_5_3f737da9043afc42bd89.png", "media/images/examples_5_e98679e862450551273f.png", "media/images/examples_5_eff98f86be7754f845aa.png", "media/images/examples_5_a26d9463f4bc83957e4d.png", "media/images/examples_5_be840dedcdad23b70e88.png", "media/images/examples_5_51efb85f2564bf5b0f3e.png"], "captions": [1, 1, 1, 1, 1, 1, 1, 1, 1, 1]}, "_timestamp": 1731553453.7165766, "epoch": 5, "loss": 2.305711030960083, "accuracy": 0.10476666688919067, "val_loss": 2.30301833152771, "val_accuracy": 0.11299999803304672, "_runtime": 36.71607947349548, "_step": 6, "best_val_loss": 2.302992343902588, "best_epoch": 1, "Test Accuracy Rate: ": 11.4, "Test Error Rate: ": 88.6, "_wandb": {"runtime": 36}}