{"graph": {"_type": "graph-file", "sha256": "ad67092687004fc4b4ef9bf94f87d52efa6ebfae1970fd4ed0017baedc884b7a", "size": 1226, "path": "media/graph/graph_summary_ad67092687004fc4b4ef.graph.json"}, "examples": {"_type": "images/separated", "width": 28, "height": 28, "format": "png", "count": 10, "filenames": ["media/images/examples_9_742e205a9c552e638cad.png", "media/images/examples_9_d1b75aa7f70fc19a806d.png", "media/images/examples_9_8b34f284202b4a30fc7d.png", "media/images/examples_9_9745725945539f8f879f.png", "media/images/examples_9_1510a0769dc4cbdabce9.png", "media/images/examples_9_638f1df906a42674ff26.png", "media/images/examples_9_d4d4454d821fc27e5454.png", "media/images/examples_9_6c54ffe2cdf360783437.png", "media/images/examples_9_dcf0ba0a386f6dac95a6.png", "media/images/examples_9_37fd82fe08a894021562.png"], "captions": [1, 1, 1, 1, 1, 1, 1, 1, 1, 1]}, "_timestamp": 1731553281.0778873, "epoch": 9, "loss": 2.3099637031555176, "accuracy": 0.10536666959524155, "val_loss": 2.313695192337036, "val_accuracy": 0.11299999803304672, "_runtime": 57.45423626899719, "_step": 10, "best_val_loss": 2.3057239055633545, "best_epoch": 6, "Test Accuracy Rate: ": 11.4, "Test Error Rate: ": 88.6, "_wandb": {"runtime": 56}}