{"graph": {"_type": "graph-file", "sha256": "ad67092687004fc4b4ef9bf94f87d52efa6ebfae1970fd4ed0017baedc884b7a", "size": 1226, "path": "media/graph/graph_summary_ad67092687004fc4b4ef.graph.json"}, "examples": {"_type": "images/separated", "width": 28, "height": 28, "format": "png", "count": 10, "filenames": ["media/images/examples_6_d9abbe05e1127db6f00b.png", "media/images/examples_6_820fec3a6f931166fc44.png", "media/images/examples_6_03280b358f05b8957375.png", "media/images/examples_6_0d581077aeeee8d614d5.png", "media/images/examples_6_ff501a9aae443578a2b4.png", "media/images/examples_6_274e5c04d174e98372c1.png", "media/images/examples_6_a4230d20d013a28fdbef.png", "media/images/examples_6_8c76df58b0994d57d3cf.png", "media/images/examples_6_107f4e202c196c93bc1c.png", "media/images/examples_6_618e0dceb2e05ec30a59.png"], "captions": [8, 8, 8, 8, 8, 8, 8, 8, 8, 8]}, "_timestamp": 1731553731.5644135, "epoch": 6, "loss": 2.3115956783294678, "accuracy": 0.10248333215713501, "val_loss": 2.3193256855010986, "val_accuracy": 0.09600000083446503, "_runtime": 44.17801356315613, "_step": 7, "best_val_loss": 2.3079845905303955, "best_epoch": 5, "Test Accuracy Rate: ": 9.88, "Test Error Rate: ": 90.12, "_wandb": {"runtime": 43}}