{"graph": {"_type": "graph-file", "sha256": "ad67092687004fc4b4ef9bf94f87d52efa6ebfae1970fd4ed0017baedc884b7a", "size": 1226, "path": "media/graph/graph_summary_ad67092687004fc4b4ef.graph.json"}, "examples": {"_type": "images/separated", "width": 28, "height": 28, "format": "png", "count": 10, "filenames": ["media/images/examples_7_f89b0a1992cbc5491690.png", "media/images/examples_7_feadf919f91b96684aa3.png", "media/images/examples_7_4156dea70e04ff19aa80.png", "media/images/examples_7_d11a5c78cbcf3f993b82.png", "media/images/examples_7_513fd2da17eff3d77ea5.png", "media/images/examples_7_ee5a2e17db17a699953a.png", "media/images/examples_7_7c1742f10a20d8d183c2.png", "media/images/examples_7_08f0e9355df27836c891.png", "media/images/examples_7_8f67725deea2a4bd06f7.png", "media/images/examples_7_8656d85ef4e23915818b.png"], "captions": [4, 8, 4, 1, 8, 7, 8, 5, 4, 6]}, "_timestamp": 1731553214.811802, "epoch": 7, "loss": 0.7612259984016418, "accuracy": 0.7813166379928589, "val_loss": 0.7321964502334595, "val_accuracy": 0.7889999747276306, "_runtime": 104.99360179901123, "_step": 8, "best_val_loss": 0.5947380661964417, "best_epoch": 2, "Test Accuracy Rate: ": 78.66, "Test Error Rate: ": 21.34, "_wandb": {"runtime": 104}}