{"graph": {"_type": "graph-file", "sha256": "ad67092687004fc4b4ef9bf94f87d52efa6ebfae1970fd4ed0017baedc884b7a", "size": 1226, "path": "media/graph/graph_summary_ad67092687004fc4b4ef.graph.json"}, "examples": {"_type": "images/separated", "width": 28, "height": 28, "format": "png", "count": 10, "filenames": ["media/images/examples_7_d3d77a0df94daffe7549.png", "media/images/examples_7_ab05b4b99b8e33415846.png", "media/images/examples_7_ce040906cfa94ba6d23a.png", "media/images/examples_7_6d2fd96cb41ec499cfaa.png", "media/images/examples_7_69b6f4f0895f565cbda8.png", "media/images/examples_7_605278403b76d3a6a32e.png", "media/images/examples_7_fad41b81a84bbac8cc84.png", "media/images/examples_7_13571462ce9ba7009b00.png", "media/images/examples_7_c1621156eac77c9ae1e1.png", "media/images/examples_7_2f252b8d779853f87c2d.png"], "captions": [7, 7, 7, 7, 7, 7, 7, 7, 7, 7]}, "_timestamp": 1731553669.3126528, "epoch": 7, "loss": 2.3067688941955566, "accuracy": 0.10596666485071182, "val_loss": 2.3032431602478027, "val_accuracy": 0.10339999943971634, "_runtime": 48.38998770713806, "_step": 8, "best_val_loss": 2.3032431602478027, "best_epoch": 7, "Test Accuracy Rate: ": 10.22, "Test Error Rate: ": 89.78, "_wandb": {"runtime": 47}}