{"graph": {"_type": "graph-file", "sha256": "ad67092687004fc4b4ef9bf94f87d52efa6ebfae1970fd4ed0017baedc884b7a", "size": 1226, "path": "media/graph/graph_summary_ad67092687004fc4b4ef.graph.json"}, "examples": {"_type": "images/separated", "width": 28, "height": 28, "format": "png", "count": 10, "filenames": ["media/images/examples_8_df4ff6bdf47b352e009e.png", "media/images/examples_8_2c83faf49bacfd1a5944.png", "media/images/examples_8_84f14a4417e97e4aca2b.png", "media/images/examples_8_98bf55276855636be594.png", "media/images/examples_8_59650f969c7df517d7a7.png", "media/images/examples_8_c9193e0cf3a1e46dc457.png", "media/images/examples_8_fb9c9c3dc6dcee460f14.png", "media/images/examples_8_4f84ee5bfa47658f584a.png", "media/images/examples_8_baf405dc356493e778cc.png", "media/images/examples_8_a30ba3ecea2ac7b37e48.png"], "captions": [1, 1, 1, 1, 1, 1, 1, 1, 1, 1]}, "_timestamp": 1731553517.1624858, "epoch": 8, "loss": 2.3112504482269287, "accuracy": 0.10231667011976242, "val_loss": 2.307175397872925, "val_accuracy": 0.11299999803304672, "_runtime": 53.837782859802246, "_step": 9, "best_val_loss": 2.304504632949829, "best_epoch": 7, "Test Accuracy Rate: ": 11.4, "Test Error Rate: ": 88.6, "_wandb": {"runtime": 53}}