{"graph": {"_type": "graph-file", "sha256": "ad67092687004fc4b4ef9bf94f87d52efa6ebfae1970fd4ed0017baedc884b7a", "size": 1226, "path": "media/graph/graph_summary_ad67092687004fc4b4ef.graph.json"}, "examples": {"_type": "images/separated", "width": 28, "height": 28, "format": "png", "count": 10, "filenames": ["media/images/examples_8_3465ebe0f4eeb5e1f4b1.png", "media/images/examples_8_bfdee66f355e7063816e.png", "media/images/examples_8_11a7ec0dbea577356895.png", "media/images/examples_8_acfed230d4cb061ff3fc.png", "media/images/examples_8_92c3597e6a585f72b13f.png", "media/images/examples_8_7950b0c2a05a6edbede5.png", "media/images/examples_8_6e33af737aad566ea1e1.png", "media/images/examples_8_0e0d40f9286bd29eb4cb.png", "media/images/examples_8_2c83faf49bacfd1a5944.png", "media/images/examples_8_2c95e180dbb9134de63f.png"], "captions": [9, 9, 9, 9, 9, 9, 9, 9, 9, 9]}, "_timestamp": 1731553342.624306, "epoch": 8, "loss": 2.307659149169922, "accuracy": 0.1037166640162468, "val_loss": 2.3075108528137207, "val_accuracy": 0.09960000216960907, "_runtime": 52.487144947052, "_step": 9, "best_val_loss": 2.305049419403076, "best_epoch": 1, "Test Accuracy Rate: ": 10.22, "Test Error Rate: ": 89.78, "_wandb": {"runtime": 51}}