{"graph": {"_type": "graph-file", "sha256": "ad67092687004fc4b4ef9bf94f87d52efa6ebfae1970fd4ed0017baedc884b7a", "size": 1226, "path": "media/graph/graph_summary_ad67092687004fc4b4ef.graph.json"}, "examples": {"_type": "images/separated", "width": 28, "height": 28, "format": "png", "count": 10, "filenames": ["media/images/examples_4_eea757d37cfa23f121fb.png", "media/images/examples_4_4c2cb8359f7466631f7d.png", "media/images/examples_4_0e0d40f9286bd29eb4cb.png", "media/images/examples_4_ee73d6b4d570053b53af.png", "media/images/examples_4_0c402baa26ff5fa93973.png", "media/images/examples_4_7063bcaf1a5b026ce05a.png", "media/images/examples_4_94316e66bcf203a1959c.png", "media/images/examples_4_799d3a3ed650abe299b6.png", "media/images/examples_4_4677b17f5abb7d1d54e6.png", "media/images/examples_4_7143a9f280e399dd9e6e.png"], "captions": [6, 6, 6, 6, 6, 6, 6, 6, 6, 6]}, "_timestamp": 1731553559.598738, "epoch": 4, "loss": 2.3099348545074463, "accuracy": 0.10361666977405548, "val_loss": 2.3089821338653564, "val_accuracy": 0.09200000017881393, "_runtime": 30.31866192817688, "_step": 5, "best_val_loss": 2.3055460453033447, "best_epoch": 0, "Test Accuracy Rate: ": 9.96, "Test Error Rate: ": 90.04, "_wandb": {"runtime": 29}}