{"graph": {"_type": "graph-file", "sha256": "ad67092687004fc4b4ef9bf94f87d52efa6ebfae1970fd4ed0017baedc884b7a", "size": 1226, "path": "media/graph/graph_summary_ad67092687004fc4b4ef.graph.json"}, "examples": {"_type": "images/separated", "width": 28, "height": 28, "format": "png", "count": 10, "filenames": ["media/images/examples_8_92335bb534f77f00819b.png", "media/images/examples_8_e5900ff00d6c0e6cc9a3.png", "media/images/examples_8_08014c3d26b85d958b60.png", "media/images/examples_8_1471cd86eb0ec49f16ef.png", "media/images/examples_8_0250105fb600fa6c3ce2.png", "media/images/examples_8_b53cdc5ca0c987c5d7be.png", "media/images/examples_8_36e80d0d2bb45c00728f.png", "media/images/examples_8_289addc1eae3f07770cd.png", "media/images/examples_8_bce9f805489b49b55b46.png", "media/images/examples_8_947aa3fc34d782a70c6f.png"], "captions": [1, 1, 1, 1, 1, 1, 1, 1, 1, 1]}, "_timestamp": 1731553404.3131366, "epoch": 8, "loss": 2.3098366260528564, "accuracy": 0.1031000018119812, "val_loss": 2.3058037757873535, "val_accuracy": 0.11299999803304672, "_runtime": 52.921215534210205, "_step": 9, "best_val_loss": 2.3058037757873535, "best_epoch": 8, "Test Accuracy Rate: ": 11.4, "Test Error Rate: ": 88.6, "_wandb": {"runtime": 52}}